,Episode,Episode Total Cost,epsilon,Q1 Loss,Q2 Loss,Actor Loss,action_step0,action_step1,action_step2,action_step3,action_step4,action_step5,action_step6,action_step7,action_step8,action_step9,action_step10,action_step11,action_step12,action_step13,action_step14,action_step15,action_step16,action_step17,action_step18,action_step19,action_step20,action_step21,action_step22,action_step23,action_step24,action_step25,action_step26,action_step27,action_step28,action_step29,action_step30,action_step31,action_step32,action_step33,action_step34,action_step35,action_step36,action_step37,action_step38,action_step39,action_step40,action_step41,action_step42,action_step43,action_step44,action_step45,action_step46,action_step47,action_step48,action_step49,action_step50,action_step51,action_step52,action_step53,action_step54,action_step55,action_step56,action_step57,action_step58
0,100,422.3964626741426,0.9038873549665959,"tensor(4482.5382, grad_fn=<MseLossBackward0>)","tensor(1.1039e+08, grad_fn=<MseLossBackward0>)",6.066877850616798,54.32,77.52,65.44,94.1,28.55,49.74,94.08,15.35,5.59,41.64,19.98,41.17,89.06,31.25,94.1,52.78,52.19,3.13,18.7,94.25,89.9,55.51,64.01,76.88,94.95,69.47,11.95,9.28,39.57,78.93,93.5,52.7,9.92,66.23,35.28,79.97,55.25,65.92,86.3,88.06,52.52,67.07,46.36,43.48,53.31,49.98,93.76,93.35,60.42,8.7,69.67,4.23,9.68,27.6,22.83,9.57,62.23,32.79,48.44
1,200,570.483002729049,0.8178301806491574,"tensor(2658.4761, grad_fn=<MseLossBackward0>)","tensor(36967046.2941, grad_fn=<MseLossBackward0>)",7.950143340449543,8.65,37.01,9.5,99.72,83.08,35.43,34.88,49.92,11.43,9.78,69.21,82.77,30.29,99.72,62.91,99.72,72.43,16.97,13.18,18.95,45.73,56.68,79.11,99.64,70.98,89.04,88.46,75.52,59.96,90.02,54.1,93.01,34.37,99.71,99.3,5.76,83.47,82.57,43.75,10.0,43.97,73.02,73.6,60.28,90.45,48.29,17.09,91.51,1.01,92.8,49.99,26.57,44.93,35.58,41.09,61.67,99.67,97.06,49.38
2,300,196.81556193134375,0.7399663251239436,"tensor(1992.1142, grad_fn=<MseLossBackward0>)","tensor(17062703.9028, grad_fn=<MseLossBackward0>)",11.008248801896997,19.77,29.55,36.94,32.3,99.86,1.58,46.87,70.23,78.37,85.69,53.15,29.04,99.86,23.89,99.86,83.44,91.89,70.02,74.09,0.89,81.54,4.72,28.46,63.75,99.85,79.14,96.98,43.72,45.76,66.83,10.92,99.85,30.16,43.5,99.86,0.92,57.12,95.87,94.74,0.47,91.13,42.48,54.98,32.84,50.79,84.42,96.51,84.89,35.67,77.07,51.99,83.69,99.8,18.81,40.38,43.66,69.2,91.64,79.35
3,400,490.14454762134534,0.6695157201007336,"tensor(1323.1598, grad_fn=<MseLossBackward0>)","tensor(9195482.8040, grad_fn=<MseLossBackward0>)",13.860954405715585,99.89,57.5,4.98,99.89,99.89,93.93,99.89,80.64,5.13,99.89,50.95,99.89,99.89,99.89,78.06,83.38,99.89,99.88,32.74,78.76,70.32,49.67,99.83,99.63,99.3,15.32,19.01,69.41,98.42,99.81,81.71,99.87,63.91,99.85,2.68,89.59,66.54,38.13,98.38,46.23,98.44,37.14,98.39,0.86,67.86,2.57,98.32,98.42,61.9,87.4,62.8,28.92,10.27,97.98,96.84,16.72,40.36,99.89,87.43
4,500,-41.46402071877377,0.6057725659163237,"tensor(1810.8429, grad_fn=<MseLossBackward0>)","tensor(20095281.5796, grad_fn=<MseLossBackward0>)",15.366328383889874,45.32,11.86,99.92,23.05,52.47,54.52,40.49,88.0,99.91,37.11,84.71,99.91,47.16,28.45,60.38,99.91,78.62,18.24,8.29,15.9,99.89,99.89,99.5,69.65,43.48,49.82,49.15,98.91,1.51,19.34,72.34,99.91,38.04,29.96,99.91,1.37,14.71,23.97,99.02,99.03,12.47,40.97,47.94,13.61,99.03,17.56,99.04,98.48,74.43,82.64,55.02,42.68,39.0,65.63,42.57,96.2,99.87,28.16,0.13
5,600,34.33291303508989,0.548098260578011,"tensor(2580.4301, grad_fn=<MseLossBackward0>)","tensor(46785037.8592, grad_fn=<MseLossBackward0>)",18.438385390953847,59.37,99.94,99.94,99.94,99.94,99.94,99.94,99.94,81.6,99.94,73.14,78.66,99.94,45.23,13.86,61.87,99.94,60.16,48.05,42.09,96.61,10.18,99.38,19.2,99.72,2.34,35.43,64.93,60.76,99.93,88.09,8.56,20.41,30.25,44.77,70.62,31.43,99.27,99.3,42.36,99.3,17.43,99.26,95.29,99.2,91.0,99.31,51.55,81.8,9.02,99.94,26.45,99.93,80.77,99.5,83.07,34.39,99.94,45.49
6,700,-172.68001656944412,0.4959150020176678,"tensor(2251.5825, grad_fn=<MseLossBackward0>)","tensor(35640823.7110, grad_fn=<MseLossBackward0>)",22.690313826875524,99.96,99.96,99.96,79.35,99.96,99.96,99.96,99.96,99.96,99.96,99.96,99.96,68.29,20.48,54.5,99.96,37.01,92.84,91.44,4.63,99.75,63.47,50.96,18.81,30.77,86.12,38.47,23.19,27.33,45.8,99.96,50.3,23.91,42.25,54.03,96.13,1.0,34.14,15.64,42.71,79.78,29.63,25.56,75.63,96.32,34.9,46.49,84.1,3.12,28.93,99.95,81.48,99.95,99.89,82.62,91.72,99.95,99.96,13.01
7,800,155.9769252494161,0.44869999946146477,"tensor(2400.9844, grad_fn=<MseLossBackward0>)","tensor(33855988.8091, grad_fn=<MseLossBackward0>)",24.94199862301712,99.97,99.97,74.32,56.74,99.97,25.55,34.97,99.97,99.97,99.97,99.97,99.97,58.41,99.97,99.97,99.97,99.97,99.97,99.95,57.46,99.97,91.34,99.93,99.94,42.95,97.52,98.59,61.17,95.65,55.96,99.97,99.96,99.96,99.94,99.93,90.51,97.34,1.74,42.96,7.96,60.0,5.82,88.93,10.25,34.85,98.5,98.65,58.49,3.48,37.58,99.96,3.45,77.5,99.95,35.76,99.77,99.96,99.97,7.23
8,900,259.6845074796983,0.4059802359226587,"tensor(973.1229, grad_fn=<MseLossBackward0>)","tensor(5794077.9250, grad_fn=<MseLossBackward0>)",27.37385378295656,52.33,56.51,99.97,99.97,99.97,0.56,99.97,67.89,27.27,2.38,76.29,99.97,99.97,71.63,18.92,39.92,63.32,99.97,99.96,40.24,99.97,99.97,99.94,99.96,77.47,44.66,85.68,9.38,8.63,43.93,99.97,99.97,99.97,99.96,11.74,42.77,83.66,3.74,69.2,49.32,64.71,2.12,35.16,80.47,4.04,85.18,25.69,42.1,48.15,9.52,99.97,27.93,13.22,99.97,99.88,99.34,99.97,99.97,99.97
9,1000,379.44811446796547,0.36732772934619257,"tensor(1839.3419, grad_fn=<MseLossBackward0>)","tensor(15870942.3038, grad_fn=<MseLossBackward0>)",26.83171508402682,46.56,99.98,99.98,99.98,99.98,9.39,70.01,99.98,99.98,69.86,99.98,99.98,99.98,60.51,99.98,99.98,99.98,99.98,21.77,67.37,99.98,99.98,19.54,83.94,99.97,88.54,2.49,32.65,73.59,99.98,99.98,99.98,99.97,45.96,99.98,39.33,79.94,5.08,96.35,25.64,50.56,16.32,35.83,93.92,20.16,23.15,7.18,96.27,33.63,14.23,99.98,99.87,92.19,20.49,99.98,99.94,99.97,99.98,75.1
10,1100,193.31150902069402,0.33235524492954527,"tensor(2138.0020, grad_fn=<MseLossBackward0>)","tensor(29084525.7581, grad_fn=<MseLossBackward0>)",31.636479855855402,99.98,97.07,99.98,99.98,99.98,99.98,99.98,99.98,99.98,99.98,99.98,99.98,99.98,23.65,73.34,99.98,99.98,99.98,33.29,6.11,99.94,99.98,87.07,90.26,99.98,68.81,41.94,13.94,54.23,99.98,99.98,99.98,99.98,3.21,13.98,37.3,94.03,34.8,93.96,73.14,9.7,20.22,94.19,12.79,68.18,55.45,49.06,35.33,20.87,71.01,37.0,99.88,57.11,99.98,99.98,99.97,16.36,99.98,99.98
11,1200,438.9636604087749,0.3007124156643058,"tensor(3988.9943, grad_fn=<MseLossBackward0>)","tensor(85367800.2220, grad_fn=<MseLossBackward0>)",31.302856657590162,99.98,74.52,99.98,36.66,99.98,99.98,99.98,67.79,99.98,99.98,99.98,99.98,91.95,99.98,99.98,99.98,99.98,99.98,30.79,4.44,42.25,88.37,67.51,97.0,99.98,87.07,18.63,10.2,6.65,48.95,99.98,99.98,99.98,99.98,99.98,68.36,2.76,42.93,56.86,77.98,11.86,11.9,80.15,5.31,80.03,3.32,80.49,4.11,46.06,56.74,88.35,99.97,99.98,99.98,99.98,99.98,99.98,99.98,99.98
12,1300,431.7637324913425,0.2720822322326576,"tensor(1578.0259, grad_fn=<MseLossBackward0>)","tensor(12037374.0246, grad_fn=<MseLossBackward0>)",35.905779464815836,99.98,99.99,99.99,75.93,99.99,99.99,20.08,10.26,99.99,99.99,99.99,97.32,99.99,99.99,99.99,32.57,99.98,99.99,99.98,23.98,99.98,58.73,6.85,8.2,82.24,4.73,45.38,61.76,6.11,39.91,9.06,55.8,17.56,99.97,99.98,96.21,4.37,50.83,55.45,29.46,71.52,42.93,41.83,70.98,6.04,72.38,6.77,72.15,15.77,72.41,99.98,1.4,99.99,99.98,99.98,37.15,99.99,99.99,13.93
13,1400,282.57811803822756,0.2461778670932771,"tensor(3672.8186, grad_fn=<MseLossBackward0>)","tensor(88441432.5913, grad_fn=<MseLossBackward0>)",38.020535321392174,87.62,99.99,99.99,99.99,99.99,99.99,7.33,76.96,99.99,15.69,20.58,99.99,99.99,99.99,76.48,53.86,99.99,99.99,99.99,99.98,73.91,7.22,4.24,3.38,3.84,12.56,73.46,26.2,25.3,32.89,21.58,99.99,99.99,68.99,99.99,99.91,15.96,86.85,8.36,6.65,69.61,78.45,8.38,84.62,31.08,84.67,8.02,90.55,99.93,25.79,99.99,99.98,99.99,99.99,12.29,99.99,99.99,99.99,99.99
14,1500,838.9325547821466,0.22273980093919937,"tensor(2516.8074, grad_fn=<MseLossBackward0>)","tensor(36819642.6302, grad_fn=<MseLossBackward0>)",40.31281769936879,99.99,99.99,99.99,99.99,99.99,99.99,97.4,99.99,99.99,99.99,99.99,99.99,99.99,99.99,99.99,99.99,99.99,99.99,99.99,99.98,99.99,99.99,99.99,99.99,99.99,25.78,77.32,48.23,24.16,99.98,99.99,23.53,99.99,99.99,99.99,99.95,0.33,79.99,37.05,89.14,99.51,99.98,70.35,71.38,6.64,89.04,11.56,88.52,99.95,99.98,3.45,14.39,99.99,99.99,8.71,99.99,99.99,99.99,66.31
15,1600,914.8860133202439,0.2015332227394583,"tensor(1937.1268, grad_fn=<MseLossBackward0>)","tensor(34862792.6424, grad_fn=<MseLossBackward0>)",39.90976075896411,99.99,99.99,99.99,99.99,99.99,99.99,99.99,99.99,99.99,99.99,99.99,99.99,99.99,99.99,99.99,99.99,99.99,99.99,99.99,99.99,99.99,99.99,99.99,99.99,99.99,99.98,4.71,12.35,11.74,99.98,99.99,99.99,56.81,99.99,99.99,59.23,11.57,50.26,37.5,58.2,62.8,26.94,66.44,43.06,34.86,99.04,4.93,69.88,99.94,99.99,99.99,99.99,99.99,99.99,24.89,42.13,99.99,99.99,99.99
16,1700,566.2666099375632,0.18234567731717977,"tensor(1382.5771, grad_fn=<MseLossBackward0>)","tensor(8028472.5839, grad_fn=<MseLossBackward0>)",45.869714990128614,99.99,99.99,3.01,99.99,87.39,99.99,99.99,99.99,92.97,99.99,80.61,99.99,99.99,99.99,56.35,99.99,99.99,65.83,99.99,99.99,52.5,84.81,99.99,99.99,45.8,13.4,68.15,6.65,58.98,99.99,99.99,99.99,99.99,99.99,99.99,99.15,99.58,99.52,33.05,88.01,99.93,99.99,96.19,99.93,74.11,6.04,90.47,38.77,7.9,49.7,95.55,76.85,99.99,99.99,25.24,99.99,99.99,99.99,99.99
17,1800,547.8613735124968,0.1649849368967147,"tensor(1967.3320, grad_fn=<MseLossBackward0>)","tensor(13876742.3929, grad_fn=<MseLossBackward0>)",48.57288452361869,83.27,99.99,99.99,99.99,99.99,99.99,99.99,99.99,99.99,99.99,99.99,99.99,99.99,99.99,99.99,99.99,99.99,96.31,99.99,99.99,99.99,99.99,99.99,99.99,4.68,41.84,90.09,99.98,99.99,99.99,99.99,79.46,99.99,99.99,99.99,99.99,99.98,52.18,9.17,82.0,99.98,26.69,69.21,99.95,99.93,99.88,99.47,16.35,53.79,99.99,22.26,99.99,99.99,99.99,99.99,58.64,99.99,99.99,99.99
18,1900,149.84748128476616,0.14927707529619813,"tensor(2860.0185, grad_fn=<MseLossBackward0>)","tensor(52211101.5387, grad_fn=<MseLossBackward0>)",52.19397649781268,99.99,99.99,99.99,99.99,99.99,99.99,99.99,99.99,99.99,99.99,99.99,99.99,99.99,99.99,99.99,99.99,99.99,99.99,42.84,16.52,99.98,99.99,43.8,99.98,99.99,61.37,86.88,99.99,99.99,99.99,99.99,99.99,96.87,65.28,99.99,12.58,96.93,99.98,99.97,99.98,99.99,99.99,99.98,99.99,86.06,99.88,99.97,99.98,99.99,99.99,99.99,99.99,99.99,99.99,99.99,99.99,99.99,99.99,99.99
19,2000,106.71400409400316,0.13506472547210188,"tensor(2566.0342, grad_fn=<MseLossBackward0>)","tensor(34945445.6632, grad_fn=<MseLossBackward0>)",52.529189526083464,77.98,99.99,99.99,99.99,99.99,99.99,99.99,99.99,99.99,99.99,99.99,99.99,99.99,99.99,99.99,99.99,99.99,99.99,99.99,99.99,99.99,35.65,10.68,8.99,11.19,25.35,78.47,99.99,66.74,99.99,99.99,99.99,99.99,99.99,99.99,99.99,99.99,99.99,99.98,95.65,24.64,75.44,99.88,99.99,99.98,78.28,98.98,88.42,99.99,99.99,99.99,99.99,99.99,99.99,99.99,99.99,1.07,4.37,99.99
20,2100,-6.124433614122836,0.12220550295922675,"tensor(2638.3460, grad_fn=<MseLossBackward0>)","tensor(33512515.4451, grad_fn=<MseLossBackward0>)",50.79360526713894,99.99,99.99,55.24,99.99,99.99,99.99,99.99,99.99,99.99,99.99,99.99,69.77,99.99,99.99,99.99,99.99,99.99,99.99,99.99,11.54,99.99,99.99,99.99,99.99,99.51,99.99,99.94,99.99,99.99,99.99,99.99,99.99,99.99,99.99,99.99,99.99,99.99,99.99,99.98,99.98,99.99,99.99,99.98,99.99,99.98,99.98,99.98,99.98,99.99,99.99,99.99,99.99,99.99,99.99,99.99,99.99,99.99,99.99,99.99
21,2200,257.6864125972172,0.11057057941158951,"tensor(3386.0342, grad_fn=<MseLossBackward0>)","tensor(62868400.6677, grad_fn=<MseLossBackward0>)",54.94205045944025,99.99,87.25,99.99,99.99,99.99,99.99,99.99,99.99,99.99,86.09,99.99,99.99,99.99,99.99,99.99,99.99,99.99,99.99,99.99,99.99,99.99,13.04,8.55,76.94,99.99,99.99,99.78,99.99,99.99,99.99,99.99,99.99,99.99,99.99,99.99,99.99,99.99,99.99,18.63,73.48,99.99,92.46,99.98,99.99,99.98,99.97,99.97,99.98,99.99,99.99,99.99,99.99,99.99,99.99,99.99,99.99,99.99,99.99,99.99
22,2300,360.65268401819105,0.10004339195341891,"tensor(5194.4360, grad_fn=<MseLossBackward0>)","tensor(1.1272e+08, grad_fn=<MseLossBackward0>)",57.30445513354757,99.99,99.99,99.99,99.99,99.99,99.99,99.99,99.99,99.99,99.99,99.99,19.58,99.99,99.99,99.99,99.99,99.99,85.8,99.99,98.35,99.99,99.99,99.99,99.99,90.21,99.99,99.92,99.99,99.99,99.99,99.99,99.99,99.99,99.99,99.99,99.99,99.99,99.99,99.98,99.98,99.99,99.99,99.98,99.99,75.06,98.81,99.98,99.98,99.99,99.99,99.99,99.99,99.99,99.99,99.99,6.82,99.99,99.99,99.99
23,2400,-151.86997392670384,0.09051847541007228,"tensor(2357.9314, grad_fn=<MseLossBackward0>)","tensor(40892195.1795, grad_fn=<MseLossBackward0>)",58.138237304977615,99.99,99.99,99.99,99.99,99.99,99.99,99.99,99.99,99.99,99.99,99.99,99.99,99.99,30.14,99.99,99.99,99.99,99.99,99.99,99.99,99.99,99.99,99.99,99.99,99.99,99.99,99.69,99.99,99.99,99.99,99.99,99.99,99.99,99.99,99.99,99.99,99.99,99.99,99.97,99.97,99.99,99.99,99.98,99.99,99.97,99.97,99.96,99.98,99.99,99.99,99.99,11.86,99.99,99.99,99.99,99.99,99.99,99.99,99.99
24,2500,247.2037211666768,0.08190040571973876,"tensor(2937.4749, grad_fn=<MseLossBackward0>)","tensor(51845034.8710, grad_fn=<MseLossBackward0>)",61.98673738547277,99.99,99.99,99.99,99.99,99.99,99.99,80.75,99.99,99.99,99.99,99.99,99.99,99.99,99.99,99.99,99.99,99.99,99.99,99.99,99.99,99.99,99.99,66.43,99.99,99.99,99.99,99.87,99.99,99.99,99.99,99.99,99.99,46.12,99.99,99.99,99.99,99.99,99.99,99.98,99.98,99.99,99.99,99.99,99.99,99.98,99.98,99.98,99.99,99.99,99.99,99.99,99.99,99.99,99.99,89.48,99.99,99.99,11.89,99.99
25,2600,246.7907430153206,0.07410284394064628,"tensor(1795.8646, grad_fn=<MseLossBackward0>)","tensor(19594393.4355, grad_fn=<MseLossBackward0>)",63.86806659348488,99.99,99.99,99.99,99.99,99.99,99.99,99.99,99.99,99.99,99.99,99.99,99.99,99.99,99.99,99.99,99.99,99.99,99.99,99.99,99.99,99.99,99.29,35.08,95.82,99.99,99.99,50.15,62.27,38.99,99.99,99.99,99.99,99.99,60.6,99.99,99.99,99.99,99.99,99.93,99.96,99.99,99.99,99.98,99.99,99.96,99.94,99.84,99.98,29.89,99.98,99.99,99.99,99.99,99.99,99.99,99.99,99.99,99.99,99.99
26,2700,75.07795125603175,0.06704767127628951,"tensor(2634.7524, grad_fn=<MseLossBackward0>)","tensor(44718662.9559, grad_fn=<MseLossBackward0>)",64.45798121776512,99.99,99.99,99.99,99.99,99.99,99.99,99.99,99.99,99.99,99.99,99.99,99.99,99.99,99.99,99.99,99.99,99.99,99.99,100.0,100.0,99.99,99.99,100.0,92.56,100.0,99.99,99.93,99.99,56.46,99.99,99.99,99.99,99.99,100.0,100.0,29.81,56.08,62.15,63.3,66.96,50.05,99.99,99.99,99.99,99.99,99.99,99.99,97.01,99.99,100.0,100.0,100.0,100.0,100.0,100.0,100.0,99.99,99.99,99.99
27,2800,-6.575047710137937,0.060664206453048174,"tensor(1426.4995, grad_fn=<MseLossBackward0>)","tensor(8880445.3863, grad_fn=<MseLossBackward0>)",64.47014350361893,99.99,99.99,99.99,99.99,99.99,99.99,99.99,99.99,99.99,99.99,40.21,99.99,99.99,99.99,99.99,99.99,99.99,99.99,100.0,100.0,99.99,99.99,100.0,100.0,100.0,100.0,99.81,99.99,100.0,100.0,99.99,99.99,99.99,100.0,100.0,99.99,18.25,41.04,51.38,46.23,46.08,99.99,99.99,99.99,99.99,99.99,99.98,99.99,92.78,100.0,100.0,100.0,100.0,100.0,100.0,100.0,100.0,99.99,99.99
28,2900,142.12189353159863,0.05488849760960279,"tensor(2204.2214, grad_fn=<MseLossBackward0>)","tensor(42369614.0091, grad_fn=<MseLossBackward0>)",62.02244638246386,99.28,99.63,99.57,99.57,99.58,99.59,38.44,99.39,99.61,99.63,99.65,99.64,99.66,99.66,99.67,99.77,99.84,99.86,99.97,99.99,99.88,99.93,11.46,10.28,10.1,12.83,22.01,12.95,81.33,99.93,99.89,99.92,50.49,99.74,99.98,99.99,99.99,99.99,99.99,99.99,99.99,100.0,99.99,99.99,99.99,99.99,99.99,99.99,99.99,99.99,99.99,99.99,99.97,99.98,99.99,99.99,99.96,73.42,99.84
29,3000,-64.53963248512369,0.049662681604038215,"tensor(950.7074, grad_fn=<MseLossBackward0>)","tensor(3680398.2240, grad_fn=<MseLossBackward0>)",61.545619007255574,71.37,69.0,68.98,68.9,68.99,69.02,68.82,68.8,68.83,68.84,68.83,68.73,68.73,68.66,68.62,68.74,68.76,68.65,68.83,80.05,87.41,99.26,100.0,99.99,100.0,100.0,99.99,100.0,100.0,99.99,99.35,99.86,99.96,99.99,100.0,100.0,99.99,99.99,99.99,99.99,100.0,100.0,99.99,18.44,46.47,86.01,99.99,99.99,100.0,100.0,100.0,100.0,99.99,100.0,100.0,100.0,99.99,95.09,98.95
30,3100,-115.22739767475778,0.04493440431994225,"tensor(1323.0751, grad_fn=<MseLossBackward0>)","tensor(19669404.3292, grad_fn=<MseLossBackward0>)",63.70233514781353,70.91,62.92,63.42,62.98,63.6,63.75,62.56,62.58,62.83,62.93,62.97,62.28,62.47,61.97,61.84,63.44,63.87,63.13,70.81,51.99,66.4,59.83,67.73,97.45,100.0,100.0,100.0,100.0,100.0,100.0,99.93,99.99,100.0,100.0,100.0,100.0,100.0,100.0,100.0,100.0,100.0,100.0,100.0,100.0,100.0,100.0,100.0,100.0,100.0,100.0,100.0,100.0,100.0,100.0,100.0,100.0,100.0,99.93,99.9
31,3200,-206.20679595023032,0.04065629616391608,"tensor(2296.0155, grad_fn=<MseLossBackward0>)","tensor(11669347.7212, grad_fn=<MseLossBackward0>)",65.1730835342986,72.78,65.41,65.85,65.43,65.99,98.97,62.79,65.25,65.19,65.29,65.3,64.68,64.81,64.36,40.26,71.88,63.61,65.94,69.18,99.91,99.97,100.0,95.69,100.0,100.0,100.0,100.0,100.0,100.0,100.0,99.98,100.0,100.0,100.0,28.18,13.92,20.48,47.64,99.5,100.0,100.0,100.0,100.0,100.0,100.0,100.0,100.0,69.2,100.0,100.0,100.0,100.0,100.0,100.0,100.0,100.0,100.0,99.97,99.96
32,3300,-45.59087950943086,0.03678549749984046,"tensor(1862.3373, grad_fn=<MseLossBackward0>)","tensor(31028369.6362, grad_fn=<MseLossBackward0>)",61.19447072135432,70.34,65.5,65.61,65.35,65.73,65.84,65.17,65.15,65.24,65.28,65.29,65.0,65.04,64.82,64.74,65.3,65.58,65.2,68.8,99.94,99.99,100.0,100.0,100.0,100.0,100.0,100.0,100.0,100.0,100.0,99.99,100.0,100.0,100.0,100.0,100.0,100.0,100.0,100.0,100.0,100.0,100.0,100.0,100.0,100.0,100.0,100.0,100.0,100.0,100.0,100.0,100.0,100.0,100.0,100.0,100.0,100.0,99.99,99.99
33,3400,36.752141713377426,0.03328322926552661,"tensor(1473.4128, grad_fn=<MseLossBackward0>)","tensor(20771988.7881, grad_fn=<MseLossBackward0>)",61.50580468212863,72.74,72.18,55.48,72.24,72.16,72.17,72.12,72.11,72.12,72.12,72.11,72.1,72.1,72.05,72.02,72.04,72.01,71.94,74.46,81.68,98.24,100.0,100.0,100.0,100.0,100.0,100.0,100.0,100.0,100.0,100.0,100.0,100.0,100.0,100.0,100.0,100.0,100.0,100.0,100.0,100.0,48.36,99.99,100.0,100.0,100.0,100.0,100.0,72.59,100.0,100.0,100.0,100.0,100.0,100.0,100.0,100.0,99.99,99.99
34,3500,167.0493376404012,0.030114404470033673,"tensor(973.9986, grad_fn=<MseLossBackward0>)","tensor(2901194.0489, grad_fn=<MseLossBackward0>)",60.5637103684912,65.32,66.53,66.85,67.1,66.82,66.69,67.35,67.48,67.37,67.32,67.32,67.65,67.66,67.77,67.83,67.63,67.42,67.68,66.55,59.22,66.83,68.38,99.97,100.0,100.0,100.0,100.0,28.83,1.96,59.57,72.2,99.92,100.0,100.0,100.0,100.0,100.0,100.0,100.0,100.0,100.0,100.0,100.0,100.0,100.0,100.0,100.0,100.0,100.0,100.0,100.0,100.0,100.0,100.0,100.0,100.0,100.0,100.0,100.0
35,3600,-260.4720819868644,0.027247276679492435,"tensor(1731.6866, grad_fn=<MseLossBackward0>)","tensor(9751075.0213, grad_fn=<MseLossBackward0>)",63.27297977351467,53.61,49.66,49.64,49.68,49.86,50.1,49.81,94.5,64.03,50.33,49.68,49.79,49.68,49.92,50.02,50.73,52.25,51.67,64.66,1.15,65.18,58.68,52.79,54.29,52.95,73.27,100.0,100.0,100.0,100.0,100.0,100.0,100.0,100.0,100.0,100.0,100.0,100.0,100.0,100.0,100.0,100.0,100.0,100.0,100.0,100.0,100.0,100.0,100.0,100.0,100.0,100.0,100.0,100.0,100.0,100.0,100.0,100.0,99.99
36,3700,-324.35461447600426,0.024653121969839265,"tensor(852.9644, grad_fn=<MseLossBackward0>)","tensor(2601743.4828, grad_fn=<MseLossBackward0>)",58.28632640951814,45.36,40.91,40.87,40.46,41.37,41.74,40.18,40.26,40.76,41.08,41.34,40.38,40.86,40.2,40.12,43.83,46.09,44.98,45.51,1.63,56.85,40.39,36.49,50.6,51.22,78.6,100.0,100.0,100.0,100.0,100.0,100.0,100.0,100.0,100.0,100.0,100.0,100.0,100.0,100.0,100.0,100.0,100.0,100.0,100.0,100.0,100.0,100.0,100.0,100.0,100.0,100.0,100.0,100.0,100.0,100.0,100.0,99.99,99.99
37,3800,-308.00146729639494,0.022305951160147018,"tensor(959.6574, grad_fn=<MseLossBackward0>)","tensor(7340879.3389, grad_fn=<MseLossBackward0>)",53.88611709170286,22.74,19.33,18.99,18.35,20.2,21.02,18.02,18.28,19.33,20.08,20.77,18.74,20.03,18.6,18.62,29.58,34.1,30.42,26.66,5.09,48.6,21.97,17.57,28.72,31.95,1.07,0.66,1.72,2.31,44.9,32.5,17.32,27.66,32.61,22.97,0.66,0.64,0.62,0.53,0.63,0.67,1.58,58.02,100.0,100.0,100.0,100.0,100.0,100.0,100.0,100.0,100.0,100.0,100.0,100.0,100.0,100.0,100.0,100.0
38,3900,-485.6737362594653,0.02018224944360293,"tensor(1419.4907, grad_fn=<MseLossBackward0>)","tensor(14382007.8064, grad_fn=<MseLossBackward0>)",50.41042394652835,7.69,7.13,7.12,7.15,7.35,8.03,7.17,7.16,7.12,7.48,8.0,7.12,7.47,7.12,7.12,16.7,26.61,17.61,14.12,4.28,36.41,16.75,11.28,19.24,17.43,1.19,0.55,1.16,30.21,11.7,7.86,12.57,13.46,40.47,18.79,0.53,0.56,0.56,0.62,0.63,0.54,1.09,0.65,0.57,0.76,1.01,79.75,100.0,100.0,100.0,100.0,100.0,100.0,100.0,100.0,100.0,100.0,100.0,100.0
39,4000,82.52801466391952,0.018260740807661956,"tensor(686.6337, grad_fn=<MseLossBackward0>)","tensor(1860469.9440, grad_fn=<MseLossBackward0>)",58.563885117830225,5.04,5.06,5.09,5.13,5.05,5.04,5.13,5.13,5.08,5.04,5.04,5.08,5.04,5.09,5.09,12.93,28.47,11.31,15.29,2.98,40.19,8.23,12.28,24.5,27.23,0.74,0.55,35.42,0.5,48.1,55.45,86.94,100.0,100.0,100.0,100.0,100.0,100.0,100.0,100.0,16.34,0.51,0.63,0.59,0.71,0.76,0.92,0.81,0.57,0.6,37.03,100.0,100.0,100.0,100.0,100.0,100.0,100.0,11.25
40,4100,-431.2924127249011,0.016522174883251375,"tensor(1791.6063, grad_fn=<MseLossBackward0>)","tensor(43896799.4062, grad_fn=<MseLossBackward0>)",49.05253697342194,4.25,4.27,4.3,4.33,4.25,4.22,4.35,68.4,42.26,9.48,4.24,4.28,4.25,4.29,4.3,8.85,31.9,5.62,12.03,1.78,42.28,4.25,10.06,20.64,63.84,100.0,100.0,100.0,100.0,100.0,100.0,100.0,100.0,100.0,100.0,100.0,100.0,100.0,100.0,100.0,100.0,100.0,100.0,100.0,100.0,100.0,100.0,100.0,100.0,100.0,100.0,100.0,100.0,100.0,100.0,100.0,100.0,99.99,99.99
41,4200,-89.12806061291958,0.014949134087605212,"tensor(717.8222, grad_fn=<MseLossBackward0>)","tensor(2024792.6938, grad_fn=<MseLossBackward0>)",64.09329887613823,4.66,4.94,6.17,8.48,5.0,4.46,8.34,9.73,6.5,4.72,4.45,5.45,4.69,5.85,6.48,5.62,37.85,4.29,5.04,1.02,44.68,4.29,3.7,7.81,6.25,0.64,0.54,0.57,0.63,45.52,73.34,99.94,100.0,100.0,100.0,100.0,100.0,100.0,100.0,100.0,100.0,100.0,100.0,100.0,100.0,100.0,100.0,100.0,100.0,100.0,100.0,100.0,100.0,100.0,100.0,100.0,100.0,99.99,99.99
42,4300,-46.12312256727114,0.01352585912861506,"tensor(2259.7913, grad_fn=<MseLossBackward0>)","tensor(30850189.9184, grad_fn=<MseLossBackward0>)",47.69637075506691,4.39,5.39,7.23,10.38,6.0,3.65,9.45,11.89,8.21,5.15,3.62,6.08,4.68,6.76,7.77,4.19,38.67,3.42,1.3,0.52,41.2,3.45,1.05,2.06,1.35,0.43,0.53,0.41,0.42,29.63,27.14,11.86,3.69,23.86,6.65,0.46,0.54,0.55,0.56,0.56,0.53,0.41,0.56,0.56,0.57,0.58,0.69,0.61,0.54,0.46,33.53,100.0,100.0,100.0,100.0,100.0,100.0,99.98,99.98
43,4400,-77.65153904424584,0.012238091122537187,"tensor(1211.7885, grad_fn=<MseLossBackward0>)","tensor(16945528.5365, grad_fn=<MseLossBackward0>)",52.588655446369074,4.47,5.67,8.05,12.7,7.09,3.63,11.05,15.28,11.45,6.35,3.5,6.43,4.91,7.37,9.15,3.6,45.65,4.87,0.48,0.32,48.72,5.67,0.44,0.64,0.48,0.36,0.53,0.39,0.37,41.88,69.51,99.8,100.0,100.0,100.0,100.0,100.0,100.0,100.0,100.0,100.0,100.0,100.0,100.0,100.0,100.0,100.0,100.0,100.0,100.0,100.0,100.0,100.0,100.0,100.0,100.0,100.0,99.99,99.99
44,4500,-110.29717389592678,0.011072928743333644,"tensor(2273.9018, grad_fn=<MseLossBackward0>)","tensor(31422012.0214, grad_fn=<MseLossBackward0>)",59.96833361130514,2.48,2.95,4.22,6.72,3.06,2.22,6.46,7.93,4.5,2.44,2.21,3.48,2.31,3.77,4.36,2.43,42.5,2.22,0.42,0.34,42.29,2.17,0.39,0.54,0.43,0.4,0.57,0.44,0.42,41.68,62.47,98.28,100.0,100.0,100.0,100.0,100.0,100.0,100.0,100.0,100.0,100.0,100.0,100.0,100.0,100.0,100.0,100.0,100.0,100.0,100.0,100.0,100.0,100.0,100.0,100.0,100.0,99.99,99.98
45,4600,6.198394446870367,0.010018698972517958,"tensor(2382.7002, grad_fn=<MseLossBackward0>)","tensor(48217484.1220, grad_fn=<MseLossBackward0>)",54.161777569705265,2.91,3.56,5.21,8.58,3.99,2.03,7.75,10.29,6.36,3.21,2.01,4.08,2.78,4.6,5.57,2.04,49.17,6.41,0.47,0.33,47.62,2.81,0.4,0.6,0.45,0.4,0.61,0.44,0.41,57.18,84.32,99.98,100.0,100.0,100.0,100.0,100.0,100.0,100.0,100.0,100.0,27.03,96.2,100.0,100.0,100.0,100.0,100.0,100.0,100.0,100.0,100.0,100.0,100.0,100.0,100.0,100.0,99.98,99.98
46,4700,-50.521606193054495,0.009064840154630435,"tensor(970.3219, grad_fn=<MseLossBackward0>)","tensor(10044928.2951, grad_fn=<MseLossBackward0>)",53.81488827912544,1.97,2.32,3.54,5.99,2.38,1.26,5.62,7.09,3.77,1.84,1.24,2.7,1.7,3.01,3.63,1.43,56.3,23.55,2.08,0.39,52.08,8.9,0.69,1.42,0.83,0.48,0.67,0.54,0.5,70.76,98.62,99.99,100.0,100.0,100.0,100.0,100.0,100.0,100.0,100.0,100.0,100.0,100.0,100.0,100.0,100.0,100.0,100.0,100.0,100.0,100.0,100.0,100.0,100.0,100.0,100.0,100.0,99.98,99.98
47,4800,-311.84500549337827,0.008201796186750635,"tensor(2167.1606, grad_fn=<MseLossBackward0>)","tensor(36465143.6313, grad_fn=<MseLossBackward0>)",56.14117326828661,0.79,0.9,1.56,2.93,0.8,0.6,2.97,3.42,1.35,0.64,0.6,1.12,0.64,1.28,1.51,0.52,45.87,0.95,0.63,0.4,33.8,0.53,0.53,1.04,0.67,0.52,0.79,0.59,0.55,71.34,24.41,2.57,0.63,44.05,76.14,100.0,100.0,100.0,100.0,100.0,100.0,100.0,100.0,100.0,100.0,100.0,100.0,100.0,100.0,100.0,100.0,100.0,100.0,100.0,100.0,100.0,100.0,99.98,99.98
48,4900,-81.80034583247091,0.007420920781999136,"tensor(3467.8776, grad_fn=<MseLossBackward0>)","tensor(57825335.4095, grad_fn=<MseLossBackward0>)",64.36401663365886,0.78,0.85,1.3,2.53,0.77,0.64,2.63,2.97,1.08,0.69,0.64,1.0,0.68,1.07,1.23,0.46,68.72,66.94,41.9,0.37,51.66,4.27,0.81,2.76,1.31,0.45,0.78,0.51,0.47,95.17,99.96,99.99,100.0,100.0,100.0,100.0,100.0,100.0,100.0,100.0,100.0,100.0,100.0,100.0,100.0,100.0,100.0,100.0,100.0,100.0,100.0,100.0,100.0,100.0,100.0,100.0,100.0,99.97,99.97
49,5000,0.963748383039416,0.006714390847905742,"tensor(5574.0785, grad_fn=<MseLossBackward0>)","tensor(1.1304e+08, grad_fn=<MseLossBackward0>)",67.23766219620939,1.42,1.57,2.11,2.85,1.42,0.91,2.84,3.05,1.88,1.22,0.89,1.78,1.2,1.92,2.09,0.56,72.1,61.12,0.8,0.32,56.34,23.5,2.3,2.99,1.17,0.43,0.8,0.5,0.45,95.27,99.96,99.99,100.0,100.0,100.0,100.0,100.0,100.0,100.0,100.0,100.0,100.0,100.0,100.0,100.0,100.0,100.0,100.0,100.0,100.0,100.0,100.0,100.0,100.0,100.0,100.0,100.0,99.98,99.97
50,5100,-288.24745398861165,0.006075128111837272,"tensor(1694.5895, grad_fn=<MseLossBackward0>)","tensor(21041982.4220, grad_fn=<MseLossBackward0>)",59.495854454768946,1.3,1.35,1.75,2.35,1.29,1.05,2.39,2.47,1.53,1.21,1.04,1.49,1.21,1.6,1.72,0.52,86.69,99.8,100.0,100.0,99.99,100.0,100.0,100.0,100.0,100.0,100.0,100.0,100.0,100.0,99.99,100.0,100.0,100.0,100.0,100.0,100.0,100.0,100.0,100.0,100.0,100.0,100.0,100.0,90.74,100.0,100.0,100.0,100.0,100.0,100.0,100.0,100.0,100.0,100.0,100.0,100.0,99.99,99.99
51,5200,-80.7379316021593,0.005496728208300101,"tensor(3359.0057, grad_fn=<MseLossBackward0>)","tensor(43690187.7463, grad_fn=<MseLossBackward0>)",62.00547270305799,1.61,1.67,1.83,1.99,1.59,1.33,2.01,2.01,1.74,1.51,1.32,1.74,1.51,1.78,1.82,0.62,54.52,2.44,0.72,0.28,48.7,1.73,0.53,1.55,0.77,0.36,0.84,0.44,0.38,63.9,99.52,100.0,100.0,100.0,100.0,100.0,100.0,100.0,100.0,100.0,100.0,100.0,100.0,100.0,100.0,100.0,100.0,100.0,100.0,100.0,100.0,100.0,100.0,100.0,100.0,100.0,100.0,100.0,100.0
52,5300,-66.05315259834528,0.004973396517688337,"tensor(1841.5720, grad_fn=<MseLossBackward0>)","tensor(24717378.6533, grad_fn=<MseLossBackward0>)",64.13021170877803,1.62,1.68,1.8,1.91,1.61,1.4,1.92,1.92,1.74,1.55,1.39,1.74,1.55,1.77,1.79,0.53,65.84,7.62,1.13,0.3,61.03,7.08,0.79,1.98,1.03,0.38,0.97,0.47,0.4,57.68,77.04,99.98,100.0,100.0,100.0,100.0,100.0,100.0,100.0,100.0,100.0,100.0,100.0,100.0,100.0,100.0,100.0,100.0,100.0,100.0,100.0,100.0,100.0,100.0,100.0,100.0,100.0,99.99,99.99
53,5400,-308.0863363037066,0.004499890113687073,"tensor(2524.8279, grad_fn=<MseLossBackward0>)","tensor(30649320.7594, grad_fn=<MseLossBackward0>)",63.26338680629971,1.83,1.9,2.03,2.17,1.82,1.58,2.18,2.18,1.95,1.75,1.56,1.96,1.75,1.99,2.02,0.55,78.55,80.2,100.0,100.0,99.99,100.0,100.0,100.0,100.0,100.0,100.0,100.0,100.0,100.0,99.99,100.0,100.0,100.0,100.0,100.0,100.0,100.0,100.0,100.0,100.0,100.0,100.0,100.0,100.0,100.0,100.0,100.0,100.0,100.0,100.0,100.0,100.0,100.0,100.0,100.0,100.0,99.99,99.99
54,5500,-271.9183608240734,0.004071465237738676,"tensor(3258.3602, grad_fn=<MseLossBackward0>)","tensor(54267334.8189, grad_fn=<MseLossBackward0>)",60.67513958290109,1.95,2.03,2.18,2.33,1.94,1.67,2.34,2.34,2.09,1.87,1.66,2.1,1.86,2.14,2.17,0.55,53.29,2.6,0.99,0.25,52.68,2.56,0.7,2.55,1.12,0.33,1.04,0.42,0.35,49.95,16.68,1.65,0.25,47.83,96.83,100.0,100.0,100.0,100.0,100.0,100.0,100.0,100.0,100.0,100.0,100.0,100.0,100.0,100.0,100.0,100.0,100.0,100.0,100.0,100.0,100.0,100.0,99.99,99.99
55,5600,-68.87300674494313,0.003683829774352405,"tensor(3018.9917, grad_fn=<MseLossBackward0>)","tensor(43048490.0585, grad_fn=<MseLossBackward0>)",62.025111543437674,1.9,1.97,2.12,2.27,1.89,1.63,2.28,2.29,2.03,1.82,1.62,2.04,1.82,2.07,2.11,0.58,60.95,2.98,1.09,0.22,57.09,2.82,0.7,3.18,1.31,0.33,1.22,0.45,0.35,58.31,91.57,100.0,100.0,100.0,100.0,100.0,100.0,100.0,100.0,100.0,100.0,100.0,100.0,100.0,100.0,100.0,100.0,100.0,100.0,100.0,100.0,100.0,100.0,100.0,100.0,100.0,100.0,100.0,100.0
56,5700,-70.24457417101543,0.0033331002511377216,"tensor(1749.9060, grad_fn=<MseLossBackward0>)","tensor(19184067.6398, grad_fn=<MseLossBackward0>)",58.03587998791363,1.96,15.76,2.38,2.3,1.95,1.69,2.31,2.31,2.08,1.88,1.68,2.09,1.87,2.12,2.15,0.57,62.25,2.85,1.45,0.18,58.75,2.83,0.84,4.88,2.05,0.3,1.54,0.45,0.32,58.68,93.94,100.0,100.0,100.0,100.0,100.0,100.0,100.0,100.0,100.0,100.0,100.0,100.0,100.0,100.0,100.0,100.0,100.0,100.0,100.0,100.0,100.0,100.0,100.0,100.0,100.0,100.0,100.0,100.0
57,5800,-69.02285747932625,0.003015762932772144,"tensor(2785.1820, grad_fn=<MseLossBackward0>)","tensor(66289943.1534, grad_fn=<MseLossBackward0>)",65.92939832713628,1.99,2.04,2.16,2.28,1.98,1.75,2.29,2.29,2.1,1.93,1.74,2.1,1.92,2.13,2.16,0.46,59.8,2.53,1.26,0.16,55.61,2.47,58.66,2.63,1.54,0.32,1.74,0.48,0.35,57.25,88.64,100.0,100.0,100.0,100.0,100.0,100.0,100.0,100.0,100.0,100.0,100.0,100.0,100.0,100.0,100.0,100.0,100.0,100.0,100.0,100.0,100.0,100.0,100.0,100.0,100.0,100.0,100.0,100.0
58,5900,1.0325967164358474,0.002728638619128845,"tensor(2130.9949, grad_fn=<MseLossBackward0>)","tensor(46230736.8163, grad_fn=<MseLossBackward0>)",58.601638384008425,2.06,2.12,2.27,2.37,2.05,1.83,2.38,2.38,2.19,1.99,1.82,2.2,1.99,2.24,2.26,0.45,60.09,2.52,5.86,0.17,56.69,2.5,2.86,20.1,30.68,1.11,2.14,0.65,0.41,61.58,97.79,100.0,100.0,100.0,100.0,100.0,100.0,100.0,100.0,100.0,100.0,100.0,100.0,100.0,100.0,100.0,100.0,100.0,100.0,100.0,100.0,100.0,100.0,100.0,100.0,100.0,100.0,100.0,100.0
59,6000,41.33592901540581,0.0024688507948989738,"tensor(2950.7451, grad_fn=<MseLossBackward0>)","tensor(70389297.3086, grad_fn=<MseLossBackward0>)",64.04932379203655,2.01,2.06,2.17,2.29,2.0,1.79,2.3,2.3,2.11,1.96,1.78,2.11,1.95,2.14,2.17,0.49,62.52,2.42,8.19,0.11,57.68,2.39,4.6,26.12,47.68,2.16,2.09,0.89,0.49,64.66,99.95,100.0,100.0,100.0,100.0,100.0,100.0,100.0,100.0,100.0,100.0,100.0,100.0,100.0,100.0,100.0,100.0,100.0,100.0,100.0,100.0,100.0,100.0,100.0,100.0,100.0,100.0,100.0,100.0
60,6100,15.298844108089241,0.0022337968116200296,"tensor(3060.4982, grad_fn=<MseLossBackward0>)","tensor(78171451.5113, grad_fn=<MseLossBackward0>)",59.88605226226404,2.12,2.2,2.31,2.33,2.11,1.87,2.33,2.33,2.25,2.05,1.86,2.26,2.04,2.29,2.3,0.48,60.12,2.33,7.38,0.21,56.15,2.33,3.67,23.24,40.13,2.25,2.71,0.99,0.61,57.2,99.3,100.0,100.0,100.0,100.0,100.0,100.0,100.0,100.0,100.0,100.0,100.0,100.0,100.0,100.0,100.0,100.0,100.0,100.0,100.0,100.0,100.0,100.0,100.0,100.0,100.0,100.0,100.0,100.0
61,6200,43.235774575714686,0.0020211218134014433,"tensor(2686.3732, grad_fn=<MseLossBackward0>)","tensor(47269184.4815, grad_fn=<MseLossBackward0>)",64.95381644940286,2.08,2.13,2.21,2.22,2.07,1.86,2.22,2.22,2.18,2.03,1.85,2.19,2.03,2.21,2.21,0.26,66.97,2.06,14.42,0.24,67.71,60.42,2.1,29.62,56.14,3.9,3.36,1.02,0.57,61.24,98.24,100.0,100.0,100.0,100.0,100.0,100.0,100.0,100.0,100.0,100.0,100.0,100.0,100.0,100.0,100.0,100.0,100.0,100.0,100.0,100.0,100.0,100.0,100.0,100.0,100.0,100.0,100.0,100.0
62,6300,-238.70331112432413,0.0018286951451258438,"tensor(1331.0552, grad_fn=<MseLossBackward0>)","tensor(51015090.6792, grad_fn=<MseLossBackward0>)",54.778839672893696,2.04,2.11,2.22,2.21,2.03,1.82,2.21,2.21,2.17,1.98,1.81,2.18,1.97,2.21,2.22,0.43,58.51,1.91,19.25,0.42,58.16,1.86,12.29,47.02,0.32,0.62,3.78,1.28,0.74,55.58,13.39,1.58,0.13,55.28,100.0,100.0,100.0,100.0,100.0,100.0,100.0,100.0,100.0,100.0,100.0,100.0,100.0,100.0,100.0,100.0,100.0,100.0,100.0,100.0,100.0,100.0,100.0,100.0,100.0
63,6400,-238.74104869199766,0.0016545890067748276,"tensor(2680.1064, grad_fn=<MseLossBackward0>)","tensor(44795435.3724, grad_fn=<MseLossBackward0>)",63.21892261574949,2.12,2.19,2.24,2.28,2.11,1.91,2.27,2.27,2.22,2.06,1.9,2.22,2.06,2.23,2.24,0.48,59.88,1.77,31.59,0.44,54.64,1.93,24.4,59.9,1.45,1.0,4.63,2.23,1.28,58.73,24.5,2.27,0.2,59.26,100.0,100.0,100.0,100.0,100.0,100.0,100.0,100.0,100.0,100.0,100.0,100.0,100.0,100.0,100.0,100.0,100.0,100.0,100.0,100.0,100.0,100.0,100.0,100.0,100.0
64,6500,-271.83280173954427,0.0014970591400305351,"tensor(1933.1982, grad_fn=<MseLossBackward0>)","tensor(25367669.3561, grad_fn=<MseLossBackward0>)",63.87043754838946,2.11,2.18,2.31,2.35,2.11,1.91,2.35,2.35,2.23,2.06,1.9,2.24,2.05,2.27,2.3,0.45,59.18,1.75,43.57,1.35,59.11,1.64,38.5,58.3,1.59,1.55,4.57,2.2,1.67,57.32,1.72,0.77,0.7,57.69,100.0,100.0,100.0,100.0,100.0,100.0,100.0,100.0,100.0,100.0,100.0,100.0,100.0,100.0,100.0,100.0,100.0,100.0,100.0,100.0,100.0,100.0,100.0,100.0,100.0
65,6600,-307.20337022781354,0.001354527353664429,"tensor(1538.2986, grad_fn=<MseLossBackward0>)","tensor(43143740.2008, grad_fn=<MseLossBackward0>)",68.94926460948759,2.05,2.11,2.25,2.31,2.04,1.83,2.32,2.32,2.17,1.98,1.82,2.17,1.98,2.21,2.24,0.33,52.64,2.16,40.79,1.37,48.41,2.12,36.57,50.59,1.0,1.46,4.87,2.11,1.59,50.21,1.42,0.63,0.1,50.68,99.75,100.0,100.0,100.0,100.0,100.0,100.0,100.0,100.0,100.0,100.0,100.0,100.0,100.0,100.0,100.0,100.0,100.0,100.0,100.0,100.0,100.0,100.0,100.0,100.0
66,6700,578.8710756203409,0.001225565712646288,"tensor(2881.6833, grad_fn=<MseLossBackward0>)","tensor(38124865.6603, grad_fn=<MseLossBackward0>)",59.51335315410526,2.23,2.3,2.47,90.65,1.61,1.96,2.59,2.59,2.38,2.16,1.96,2.38,2.15,2.43,2.46,0.39,52.15,2.66,38.02,1.45,42.78,1.58,33.61,46.58,0.26,1.49,5.03,2.0,1.66,47.34,1.64,0.68,0.04,46.44,8.84,3.33,5.11,5.17,5.3,5.31,5.06,2.3,5.33,5.22,5.55,5.67,5.79,5.75,5.21,4.24,0.19,1.33,2.26,2.57,2.45,11.1,1.72,1.62,1.6
67,6800,-318.3999665499657,0.0011088822325741772,"tensor(3328.8226, grad_fn=<MseLossBackward0>)","tensor(37669789.1269, grad_fn=<MseLossBackward0>)",67.9416017308219,2.23,2.33,2.54,2.75,2.23,1.93,2.77,2.78,2.42,2.15,1.92,2.42,2.14,2.48,2.53,0.31,52.24,3.03,40.66,1.74,35.82,0.51,35.87,49.72,0.64,1.71,5.49,1.95,1.7,49.55,5.66,0.95,0.03,49.06,99.4,100.0,100.0,100.0,100.0,100.0,100.0,100.0,100.0,100.0,100.0,100.0,100.0,100.0,100.0,100.0,100.0,100.0,100.0,100.0,100.0,100.0,100.0,100.0,100.0
68,6900,-296.3166639890562,0.0010033079361070328,"tensor(1702.3858, grad_fn=<MseLossBackward0>)","tensor(34089979.2792, grad_fn=<MseLossBackward0>)",59.93471735497748,2.37,2.46,2.66,2.87,2.37,2.09,2.88,2.89,2.56,2.3,2.08,2.56,2.29,2.61,2.66,0.42,56.64,3.64,39.64,1.46,50.9,2.88,35.81,50.51,1.11,1.5,5.63,1.7,1.49,50.16,6.21,1.16,0.03,48.86,99.18,100.0,100.0,100.0,100.0,100.0,100.0,100.0,100.0,100.0,100.0,100.0,100.0,100.0,100.0,100.0,100.0,100.0,100.0,100.0,100.0,100.0,100.0,100.0,100.0
69,7000,-272.6832270679936,0.0009077851417265054,"tensor(2861.4580, grad_fn=<MseLossBackward0>)","tensor(34060221.6933, grad_fn=<MseLossBackward0>)",70.31411699529836,2.29,2.38,2.58,2.78,2.29,2.01,2.8,2.8,2.47,2.22,2.0,2.48,2.21,2.52,2.57,0.49,60.52,4.04,41.09,1.82,55.74,3.64,37.96,56.21,3.43,1.56,5.99,1.51,1.5,53.26,6.73,1.15,0.02,51.47,100.0,100.0,100.0,100.0,100.0,100.0,100.0,100.0,100.0,100.0,100.0,100.0,100.0,100.0,100.0,100.0,100.0,100.0,100.0,100.0,100.0,100.0,100.0,100.0,100.0
70,7100,-373.2452871667226,0.0008213568675006472,"tensor(2341.6234, grad_fn=<MseLossBackward0>)","tensor(27346481.1918, grad_fn=<MseLossBackward0>)",71.1462151045215,2.33,2.42,2.6,2.79,2.33,2.06,2.81,2.81,2.5,2.26,2.05,2.5,2.25,2.55,2.59,0.5,50.43,2.84,40.35,3.08,48.79,2.48,35.95,47.97,0.03,1.92,6.85,1.74,1.77,47.87,6.38,1.17,0.01,47.57,49.96,100.0,100.0,100.0,100.0,100.0,100.0,100.0,100.0,100.0,100.0,100.0,100.0,100.0,100.0,100.0,100.0,100.0,100.0,100.0,100.0,100.0,100.0,100.0,100.0
71,7200,-294.6776109442839,0.0007431572436925013,"tensor(2985.9891, grad_fn=<MseLossBackward0>)","tensor(56355299.2294, grad_fn=<MseLossBackward0>)",63.6196104180911,2.19,2.28,2.46,2.65,2.19,1.93,2.67,2.68,2.36,2.12,1.91,2.37,2.12,2.41,2.46,0.49,56.06,3.33,39.19,3.43,52.57,2.94,35.54,50.72,1.09,1.84,7.21,1.88,1.73,50.67,6.86,1.12,0.02,49.34,99.53,100.0,100.0,100.0,100.0,100.0,100.0,100.0,100.0,100.0,100.0,100.0,100.0,100.0,100.0,100.0,100.0,100.0,100.0,100.0,100.0,100.0,100.0,100.0,100.0
72,7300,514.4126154039441,0.0006724028381636441,"tensor(1842.9870, grad_fn=<MseLossBackward0>)","tensor(39269155.4055, grad_fn=<MseLossBackward0>)",60.56807605692329,2.33,2.42,2.6,2.79,2.33,2.07,2.81,2.81,2.5,2.26,2.06,2.5,2.26,2.55,2.59,0.69,47.2,2.53,35.36,4.28,7.84,43.36,44.85,0.02,35.42,3.58,7.02,1.94,1.7,43.29,5.35,1.18,0.05,44.63,6.29,3.47,7.09,7.21,7.49,7.57,7.07,2.47,7.54,7.3,8.51,9.17,9.99,10.13,7.57,6.95,1.34,2.21,3.87,3.73,2.96,0.02,5.12,7.09,6.91
73,7400,522.0622303999615,0.0006083848076674359,"tensor(2800.1837, grad_fn=<MseLossBackward0>)","tensor(41061533.1920, grad_fn=<MseLossBackward0>)",70.33074174461709,2.34,2.43,2.6,2.78,2.34,2.09,2.8,2.8,2.51,2.28,2.08,2.51,2.27,2.55,2.59,0.68,50.69,2.86,35.08,4.26,9.98,44.94,44.81,0.01,35.1,3.22,7.26,1.79,1.56,44.9,5.34,1.19,0.02,44.62,5.87,3.14,7.36,7.51,7.91,8.01,7.35,2.31,7.93,7.64,9.08,9.63,10.21,10.27,8.01,7.2,1.44,2.16,3.79,3.65,2.91,0.06,4.85,6.47,6.63
74,7500,563.8826575775558,0.0005504617964007802,"tensor(3354.2413, grad_fn=<MseLossBackward0>)","tensor(66628828.6546, grad_fn=<MseLossBackward0>)",73.36097256495617,4.58,4.9,5.24,5.25,4.74,4.16,5.25,5.25,5.12,4.61,4.15,5.11,4.61,5.22,5.24,1.13,63.48,5.33,35.28,7.12,1.81,49.17,62.13,5.7,36.18,3.85,7.44,1.87,1.66,51.68,5.72,2.03,0.03,49.86,17.77,7.3,7.64,7.73,8.19,8.3,7.54,2.46,8.21,7.9,9.24,9.73,10.24,10.28,8.28,7.38,2.65,2.39,5.3,5.31,5.28,3.68,5.66,5.79,5.75
75,7600,539.6629746852853,0.0004980535106695312,"tensor(2837.7960, grad_fn=<MseLossBackward0>)","tensor(55907359.7239, grad_fn=<MseLossBackward0>)",80.35858030268875,6.66,6.83,6.79,6.76,6.85,6.39,6.76,6.76,6.81,6.8,6.39,6.81,6.81,6.79,6.79,2.52,57.18,6.68,37.0,7.29,25.09,30.83,41.41,56.31,6.69,1.31,7.11,1.64,1.28,47.86,7.09,4.48,0.92,47.09,6.75,3.59,7.3,7.52,8.03,8.14,7.28,2.29,8.05,7.74,9.1,9.65,10.22,10.27,8.13,7.06,4.69,1.31,6.67,6.64,6.65,6.7,7.22,7.21,7.16
76,7700,521.8540482328887,0.00045063490529620545,"tensor(3812.0301, grad_fn=<MseLossBackward0>)","tensor(45772037.6338, grad_fn=<MseLossBackward0>)",80.70081140030268,5.4,6.32,7.44,7.54,6.14,4.63,7.52,7.55,7.19,5.81,4.59,6.84,5.77,7.29,7.48,0.91,50.35,7.51,33.36,8.56,3.81,41.6,42.09,15.28,36.39,4.85,7.61,1.99,1.34,42.5,8.14,1.67,1.03,41.7,8.31,4.84,7.78,7.97,8.51,8.62,7.74,3.02,8.55,8.24,9.53,10.03,10.53,10.58,8.64,7.54,2.03,2.39,7.84,8.01,8.02,8.4,8.86,8.87,8.83
77,7800,568.0622616179637,0.00040773092352733666,"tensor(2970.3767, grad_fn=<MseLossBackward0>)","tensor(22022333.7976, grad_fn=<MseLossBackward0>)",77.21917565961292,8.39,9.67,9.62,9.58,9.56,7.98,9.58,9.58,9.64,9.32,8.03,9.64,9.39,9.62,9.61,1.04,52.98,9.56,38.77,7.86,18.66,53.81,1.09,41.14,50.16,7.51,7.21,1.74,1.12,48.97,10.1,2.58,1.37,47.84,9.59,4.75,7.3,7.45,7.98,8.07,7.25,2.64,8.02,7.71,8.87,9.32,9.76,9.77,7.99,7.04,1.9,1.88,9.48,9.7,10.06,15.27,9.81,10.24,10.17
78,7900,-92.93458197296769,0.00036891173774295443,"tensor(3056.1374, grad_fn=<MseLossBackward0>)","tensor(59948407.9651, grad_fn=<MseLossBackward0>)",82.97857774437645,8.09,10.13,12.38,12.77,10.57,7.97,13.1,12.54,12.27,10.15,7.99,11.28,9.99,12.38,13.27,18.89,84.73,10.56,38.46,8.85,75.94,13.64,37.2,52.13,4.55,2.09,7.43,1.94,1.85,50.7,9.03,6.99,76.35,100.0,100.0,100.0,100.0,100.0,100.0,100.0,100.0,100.0,100.0,100.0,100.0,100.0,100.0,100.0,100.0,100.0,100.0,100.0,100.0,100.0,100.0,100.0,100.0,100.0,100.0
79,8000,-340.310193381438,0.0003337884432878974,"tensor(1794.8553, grad_fn=<MseLossBackward0>)","tensor(11597266.3078, grad_fn=<MseLossBackward0>)",85.30160003453159,6.72,8.87,11.16,12.75,9.81,6.38,12.58,12.69,11.39,8.98,6.25,9.99,8.58,11.04,12.12,95.03,19.48,80.74,100.0,100.0,100.0,100.0,100.0,100.0,100.0,100.0,100.0,100.0,100.0,100.0,100.0,100.0,100.0,100.0,100.0,100.0,100.0,100.0,100.0,100.0,100.0,100.0,100.0,100.0,100.0,100.0,100.0,100.0,100.0,100.0,100.0,100.0,100.0,100.0,100.0,100.0,100.0,100.0,100.0
80,8100,-334.24141414375595,0.00030200916228419905,"tensor(1208.3904, grad_fn=<MseLossBackward0>)","tensor(26083207.9205, grad_fn=<MseLossBackward0>)",78.58544724136296,7.97,10.13,12.48,12.68,10.58,7.81,13.41,12.19,12.26,10.17,7.84,11.3,10.02,12.49,13.47,96.48,19.21,84.53,100.0,100.0,100.0,100.0,100.0,100.0,100.0,100.0,100.0,100.0,100.0,100.0,100.0,100.0,100.0,100.0,100.0,100.0,100.0,100.0,100.0,100.0,100.0,100.0,100.0,100.0,100.0,100.0,100.0,100.0,100.0,100.0,100.0,100.0,100.0,100.0,100.0,100.0,100.0,100.0,100.0
81,8200,-338.2310034241578,0.0002732555183911334,"tensor(2551.3593, grad_fn=<MseLossBackward0>)","tensor(39230043.2476, grad_fn=<MseLossBackward0>)",85.51326801174957,6.54,8.94,11.55,13.34,10.01,6.22,13.15,13.27,12.03,9.29,6.12,10.01,8.76,11.45,12.91,94.98,19.04,80.01,100.0,100.0,100.0,100.0,100.0,100.0,100.0,100.0,100.0,100.0,100.0,100.0,100.0,100.0,100.0,100.0,100.0,100.0,100.0,100.0,100.0,100.0,100.0,100.0,100.0,100.0,100.0,100.0,100.0,100.0,100.0,100.0,100.0,100.0,100.0,100.0,100.0,100.0,100.0,100.0,100.0
82,8300,-64.43502302005513,0.0002472394471957831,"tensor(723.4711, grad_fn=<MseLossBackward0>)","tensor(10084099.5214, grad_fn=<MseLossBackward0>)",78.05897444585436,6.46,8.73,11.86,14.74,10.81,6.4,13.77,14.51,12.86,9.65,6.2,10.33,8.65,11.77,13.45,93.17,14.34,64.18,11.95,7.03,56.26,10.43,15.24,22.04,20.87,3.19,8.47,2.91,5.13,37.28,8.78,91.09,100.0,100.0,100.0,100.0,100.0,100.0,100.0,100.0,100.0,100.0,100.0,100.0,100.0,100.0,100.0,100.0,100.0,100.0,100.0,100.0,100.0,100.0,100.0,100.0,100.0,99.99,99.98
83,8400,-123.02383172986046,0.000223700310279479,"tensor(2349.3773, grad_fn=<MseLossBackward0>)","tensor(55318753.3734, grad_fn=<MseLossBackward0>)",71.2234144397763,6.69,8.52,11.27,13.2,9.62,6.39,13.22,12.68,11.71,8.75,6.29,9.73,8.18,11.04,12.77,94.16,15.43,63.14,7.1,5.73,46.7,5.97,6.11,6.9,6.16,6.2,9.28,3.37,5.63,26.16,11.12,92.08,100.0,100.0,100.0,100.0,100.0,100.0,100.0,100.0,100.0,100.0,100.0,100.0,100.0,100.0,100.0,100.0,100.0,100.0,100.0,100.0,100.0,100.0,100.0,100.0,100.0,99.98,99.95
84,8500,-338.63827981918695,0.00020240228404777254,"tensor(983.7716, grad_fn=<MseLossBackward0>)","tensor(10813401.4071, grad_fn=<MseLossBackward0>)",79.91286810126817,6.36,8.89,10.09,9.45,8.86,5.61,9.87,9.32,9.77,8.43,5.59,9.44,8.43,10.01,10.27,96.96,23.27,92.96,100.0,100.0,99.98,100.0,100.0,100.0,100.0,100.0,100.0,100.0,100.0,100.0,99.99,100.0,100.0,100.0,100.0,100.0,100.0,100.0,100.0,100.0,100.0,100.0,100.0,100.0,100.0,100.0,100.0,100.0,100.0,100.0,100.0,100.0,100.0,100.0,100.0,100.0,100.0,99.99,99.96
85,8600,-279.94972089862983,0.00018313199716430296,"tensor(2841.0464, grad_fn=<MseLossBackward0>)","tensor(48397475.0666, grad_fn=<MseLossBackward0>)",78.61815454548801,5.35,7.64,9.95,8.85,7.73,4.17,9.29,8.8,9.72,7.51,4.17,8.78,7.2,9.9,9.43,93.7,16.38,62.32,4.66,5.39,33.82,85.17,100.0,100.0,100.0,100.0,100.0,100.0,100.0,100.0,99.98,100.0,100.0,100.0,100.0,100.0,100.0,100.0,100.0,100.0,100.0,100.0,100.0,100.0,100.0,100.0,100.0,100.0,100.0,100.0,100.0,100.0,100.0,100.0,100.0,100.0,100.0,99.97,99.92
86,8700,-266.3731798016171,0.0001656963929195113,"tensor(3101.1344, grad_fn=<MseLossBackward0>)","tensor(40197708.4851, grad_fn=<MseLossBackward0>)",78.73319036017092,4.96,6.9,10.3,10.24,7.68,4.1,10.89,10.02,10.24,7.14,4.17,8.1,6.32,9.76,10.97,94.05,17.24,73.13,8.11,5.75,43.07,88.59,100.0,100.0,100.0,100.0,100.0,100.0,100.0,100.0,99.97,100.0,100.0,100.0,100.0,100.0,100.0,100.0,100.0,100.0,100.0,100.0,100.0,100.0,100.0,100.0,100.0,100.0,100.0,100.0,100.0,100.0,100.0,100.0,100.0,100.0,100.0,99.96,99.88
87,8800,-398.3902427987523,0.00014992079511864147,"tensor(1752.6186, grad_fn=<MseLossBackward0>)","tensor(19982766.8661, grad_fn=<MseLossBackward0>)",67.36706026553206,5.4,7.59,9.4,8.87,7.67,4.54,9.25,8.77,9.12,7.18,4.63,8.65,7.1,9.26,9.55,92.29,14.63,55.36,61.13,5.2,31.93,76.28,100.0,100.0,100.0,100.0,100.0,100.0,100.0,100.0,99.97,100.0,100.0,100.0,100.0,100.0,100.0,100.0,100.0,100.0,100.0,100.0,100.0,100.0,100.0,100.0,100.0,100.0,100.0,100.0,100.0,100.0,100.0,100.0,100.0,100.0,100.0,99.96,99.9
88,8900,-181.1851342758882,0.0001356471581123901,"tensor(1421.1623, grad_fn=<MseLossBackward0>)","tensor(15260856.5846, grad_fn=<MseLossBackward0>)",72.64441587807596,3.43,3.89,4.77,5.7,3.74,7.87,6.2,5.96,4.56,3.45,8.77,5.09,3.46,4.54,4.86,85.48,7.86,39.0,5.68,7.31,48.13,3.65,6.36,6.26,6.18,6.52,3.56,5.52,6.07,14.43,3.92,91.82,100.0,100.0,100.0,100.0,100.0,100.0,100.0,100.0,100.0,100.0,100.0,100.0,100.0,100.0,100.0,100.0,100.0,100.0,100.0,100.0,100.0,100.0,100.0,100.0,100.0,99.96,99.87
89,9000,-175.83636655549918,0.00012273248343838214,"tensor(3108.6086, grad_fn=<MseLossBackward0>)","tensor(40086281.8389, grad_fn=<MseLossBackward0>)",71.58813476975855,4.09,5.24,7.34,8.29,5.45,4.47,8.22,8.16,7.17,4.72,5.08,6.55,4.59,6.84,7.63,73.8,8.06,41.89,8.43,8.22,48.78,5.41,7.03,6.86,6.81,7.13,3.45,5.96,6.61,19.58,7.98,85.45,100.0,100.0,100.0,100.0,100.0,100.0,100.0,100.0,100.0,100.0,100.0,100.0,100.0,100.0,100.0,100.0,100.0,100.0,100.0,100.0,100.0,100.0,100.0,100.0,100.0,99.91,99.75
90,9100,-177.19872354141398,0.00011104738721081156,"tensor(2352.2905, grad_fn=<MseLossBackward0>)","tensor(32164061.0621, grad_fn=<MseLossBackward0>)",72.61629065835015,6.46,8.13,8.86,9.47,8.08,7.12,9.45,9.61,8.73,7.46,7.36,8.64,7.51,8.78,9.01,75.97,9.99,47.26,13.2,8.84,50.87,9.02,6.63,6.43,6.46,7.84,3.47,6.21,6.77,21.9,9.59,86.68,100.0,100.0,100.0,100.0,100.0,100.0,100.0,100.0,100.0,100.0,100.0,100.0,100.0,100.0,100.0,100.0,100.0,100.0,100.0,100.0,100.0,100.0,100.0,100.0,100.0,99.94,99.83
91,9200,-301.6516995354283,0.00010047480390583761,"tensor(2241.5472, grad_fn=<MseLossBackward0>)","tensor(47896113.5467, grad_fn=<MseLossBackward0>)",74.18131161525473,6.34,7.93,9.21,9.61,7.95,5.7,9.51,9.69,9.14,7.46,5.64,8.81,7.44,9.16,9.32,67.4,8.65,33.46,5.24,8.5,38.12,69.83,99.62,100.0,100.0,100.0,100.0,100.0,100.0,100.0,99.94,100.0,100.0,100.0,100.0,100.0,100.0,100.0,100.0,100.0,100.0,100.0,100.0,100.0,100.0,100.0,100.0,100.0,100.0,100.0,100.0,100.0,100.0,100.0,100.0,100.0,100.0,99.92,99.76
92,9300,-203.36973938208465,9.090881355679163e-05,"tensor(2350.3872, grad_fn=<MseLossBackward0>)","tensor(22294827.0306, grad_fn=<MseLossBackward0>)",59.21604888847652,4.9,5.62,7.36,9.34,5.87,6.84,9.4,9.56,7.5,5.14,7.41,7.22,5.12,6.98,7.88,60.37,9.39,30.29,6.38,9.77,34.66,53.63,48.4,61.55,11.0,7.01,3.37,6.09,6.82,15.16,5.78,67.7,30.29,63.42,100.0,100.0,100.0,100.0,100.0,100.0,100.0,100.0,100.0,100.0,100.0,100.0,100.0,100.0,100.0,100.0,100.0,100.0,100.0,100.0,100.0,100.0,100.0,99.82,99.42
93,9400,-214.20473887153724,8.225358060960925e-05,"tensor(739.9353, grad_fn=<MseLossBackward0>)","tensor(6676574.4574, grad_fn=<MseLossBackward0>)",63.20653941689177,5.15,6.48,7.3,8.15,6.41,4.7,8.02,8.34,7.13,5.73,5.05,6.87,5.7,7.12,7.45,64.97,8.79,31.53,6.54,9.69,37.09,67.18,21.91,6.58,7.23,7.78,3.26,5.99,6.88,13.84,5.81,75.69,99.64,100.0,100.0,100.0,100.0,100.0,100.0,100.0,100.0,100.0,100.0,100.0,100.0,100.0,100.0,100.0,100.0,100.0,100.0,100.0,100.0,100.0,100.0,100.0,100.0,99.87,99.65
94,9500,-66.890165179714,7.44223938075589e-05,"tensor(1167.9523, grad_fn=<MseLossBackward0>)","tensor(17081532.3126, grad_fn=<MseLossBackward0>)",60.317759734690554,6.37,8.27,10.72,10.13,8.49,6.45,10.29,10.09,10.54,8.16,6.48,9.92,8.04,10.64,10.45,50.01,10.64,23.22,4.91,6.17,22.39,19.93,4.95,4.9,4.98,5.77,2.43,4.56,5.35,10.61,7.78,61.26,17.45,20.95,27.54,2.59,2.47,2.53,2.81,2.84,2.38,4.52,2.97,2.62,3.11,3.24,3.39,3.33,2.55,3.49,32.37,100.0,100.0,100.0,100.0,100.0,100.0,99.88,99.65
95,9600,-85.80000520024416,6.733679748648316e-05,"tensor(1664.1518, grad_fn=<MseLossBackward0>)","tensor(12522136.4875, grad_fn=<MseLossBackward0>)",61.11863884142355,6.86,7.77,8.57,8.32,7.57,7.24,8.32,8.29,8.22,7.34,7.27,8.24,7.37,8.45,8.56,49.51,8.31,22.53,7.64,7.66,24.93,23.9,7.51,7.69,7.45,6.64,2.26,5.15,6.61,15.98,7.86,64.31,22.14,32.52,6.66,4.21,2.29,2.31,2.49,2.51,2.46,4.99,2.62,2.36,2.7,2.79,2.91,2.86,2.32,3.9,36.34,100.0,100.0,100.0,100.0,100.0,100.0,99.46,98.39
96,9700,-170.91012777721994,6.09258055775561e-05,"tensor(3714.7193, grad_fn=<MseLossBackward0>)","tensor(46431867.4456, grad_fn=<MseLossBackward0>)",77.98332973330815,7.74,10.04,10.94,10.17,9.93,7.58,10.34,10.12,10.63,9.61,7.6,10.48,9.71,10.92,10.66,61.85,9.0,23.96,9.59,7.63,25.81,26.04,9.23,9.75,8.85,6.24,2.08,5.48,6.23,16.95,10.3,82.46,99.76,100.0,100.0,100.0,100.0,100.0,100.0,100.0,100.0,100.0,100.0,100.0,100.0,100.0,100.0,100.0,100.0,100.0,100.0,100.0,100.0,100.0,100.0,100.0,100.0,86.44,40.14
97,9800,-75.27334584895327,5.512519044314936e-05,"tensor(1837.3536, grad_fn=<MseLossBackward0>)","tensor(11177388.1462, grad_fn=<MseLossBackward0>)",71.82170903352176,5.01,6.65,9.32,9.73,7.13,5.31,9.94,9.6,9.28,6.49,5.57,8.21,6.18,9.03,9.74,49.86,9.36,21.48,8.57,7.03,22.35,19.32,7.92,8.85,8.0,7.05,2.07,6.59,6.84,15.25,6.93,59.67,13.47,15.66,17.16,3.04,1.93,1.93,1.92,1.93,2.49,6.18,1.95,1.92,1.95,1.97,1.98,1.97,1.93,4.62,39.19,100.0,100.0,100.0,100.0,100.0,100.0,85.14,35.16
98,9900,-126.78742088860875,4.9876839421109216e-05,"tensor(1659.2131, grad_fn=<MseLossBackward0>)","tensor(10502583.7722, grad_fn=<MseLossBackward0>)",61.871818020788076,4.26,5.43,6.89,8.09,5.57,5.39,8.07,8.4,6.81,4.69,6.31,6.66,4.68,6.63,7.15,43.32,6.88,17.72,7.08,6.0,19.32,15.05,6.55,7.5,6.75,7.41,2.19,7.84,7.55,14.12,5.07,49.81,11.11,13.71,14.2,4.09,1.97,1.93,1.9,1.9,2.73,7.37,1.92,1.91,1.92,1.93,1.93,1.93,1.95,5.54,43.25,100.0,100.0,100.0,100.0,100.0,100.0,89.2,41.22
